var1;var2;var3;var4;var5
2;0.031615534024721975;3.8094300769811493;6.09;7200.0
2;-0.000552551962807006;3.697720236769218;12.46;7200.0
3;0.058932850312763824;3.8790946002412188;17.79;72800.0
2;0.00024251445890297;3.7937650472431375;32.07;16800.0
1;82.69979601723169;3.969102566532944;30.31;84800.0
2;0.011611675889994656;3.2441551553082815;18.1;8800.0
3;0.01546420492453915;3.073303192638047;35.11;6400.0
3;0.0;3.256722956393188;46.03;11200.0
3;-0.0011056909991418512;3.735501799611647;17.8;32000.0
2;-6.370753262920099e-05;3.6187562266475215;6.94;12800.0
2;0.000129535083348161;4.38386628900941;74.25;3379200.0
2;-0.000953334785021371;3.526486315037462;17.07;19200.0
2;0.002779206732918905;3.5474590870919394;7.09;12800.0
3;-0.06840359771082234;3.9871802162081824;41.65;36640.0
2;-0.020409725711760415;3.694593010791023;70.17;12000.0
2;-0.000414298858196606;3.6224858468276597;21.06;8000.0
3;4.779412435392539;3.67768870906778;4.7;4480.0
2;-0.001150365456283524;3.8238068060264103;18.97;16000.0
2;-0.02826070896317026;3.9455264724263253;11.81;125920.0
2;-0.16611538126015296;3.6834684123902437;14.5;7200.0
1;-0.12775110474151105;3.526093689991861;90.12;451200.0
1;-4.9596162702281e-05;3.729137595850615;19.33;9600.0
2;-0.0051075733941223925;3.632461053023517;46.34;8800.0
2;-9.7093000225356e-05;3.5181330648083264;55.11;98400.0
1;0.001686240866281277;3.7077398446728265;17.13;336000.0
4;-0.000214996897532273;3.525817423682687;8.79;9600.0
6;0.001668781632375313;3.622462137368486;22.36;2000.0
1;0.005105714515876608;4.1860660306472575;32.87;372000.0
3;-1.2803181114096e-05;3.978557989380817;54.7;20000.0
1;0.008180656810779265;5.117935330648343;120.55;1120000.0
2;0.003306218826702777;3.6050795818808377;6.96;132000.0
2;0.000839191485848872;3.5967024541240793;35.93;4480.0
4;-12.009530063039975;3.5787728119739484;12.64;1952.0
1;-0.00026555398751049403;4.4655115340690825;66.12;3800000.0
1;-0.17560177841075802;3.634485499009879;43.69;12800.0
3;-0.006780030975534367;3.843412467809112;9.33;16000.0
2;-0.0026956933704643583;3.528904570566408;14.68;14400.0
2;0.001046797705126425;3.6615590891871213;49.52;4800.0
2;-0.002448818901352043;3.7560507412618556;41.5;20000.0
4;0.000513542939255287;3.879229401261401;65.01;11680.0
1;-0.001494148669549598;3.759814723695126;54.29;8000.0
3;-0.005705112231329345;3.714041584793038;7.21;17600.0
2;0.006477071986029758;3.987674602443221;30.63;16800.0
2;0.000307027682498673;3.5934851952577467;3.93;35200.0
2;0.000994558447551745;3.5961172174769636;11.43;43200.0
1;-0.030238490539029054;3.759471717583255;7.81;64000.0
1;0.006017386100244385;3.6890574428793315;20.12;38400.0
3;0.011263754457576434;3.6570614890130866;16.98;24640.0
2;-0.21053892295688548;3.7798138724657337;23.66;6400.0
4;5.8764626690792e-05;3.509713228834374;2.68;12800.0
2;-0.000156532673355751;3.688740426652353;16.28;31200.0
2;5.219228929055212;4.925927620195819;60.63;176000.0
2;-0.0008034259535447941;3.637104576866871;43.45;80640.0
2;-0.00346780025854611;3.5700024024080177;30.43;32000.0
2;0.000106300637389012;3.609957291588964;60.76;48000.0
2;-2.4525133895282e-05;3.7305849013997783;28.34;16000.0
3;-0.05139893187532106;3.896296059390764;20.88;35200.0
2;5.0642464157106e-05;3.5162334657928254;19.77;36000.0
2;-0.012619590954031928;3.822122524993455;66.85;273600.0
2;-0.02005869144750851;3.1525270056596133;24.44;2400.0
1;-27.912845728527444;3.9933938240330407;58.77;995200.0
1;7.6671372272278e-05;3.695721618213769;29.27;7200.0
1;0.00177387531109123;4.040348749447575;76.35;336000.0
2;-0.000159569507313904;3.6558521202328165;24.71;25600.0
1;-32.236855135315274;3.622094683962676;3.81;6400.0
1;0.0045155828180257875;3.887798528032091;57.05;24000.0
1;7.763415351011863;3.851836075803461;64.9;57600.0
2;0.0020731938357272687;3.6017330031709505;66.07;22400.0
2;-0.001457572789589299;3.8994732769440232;34.69;43200.0
1;-0.0008106662604567189;3.5890127705021744;59.4;16000.0
2;-8.644997659088e-05;3.651804352592048;6.81;20160.0
2;-24.82251737656863;2.994524398536667;44.53;40000.0
2;1.3743042639342642;3.549616099941727;63.85;14400.0
3;-0.002022905428496877;3.850460288339766;50.92;17920.0
2;-0.004319154480267436;3.42741352181878;36.88;12000.0
4;-0.007588562029486244;3.5758861482647464;2.71;2720.0
3;0.059074833554265876;3.558251507502768;60.03;33600.0
2;0.795501405993362;3.8037131489219718;19.27;28800.0
1;0.0;3.525210069937408;15.98;14400.0
3;0.001570489057849375;3.4595640207087484;61.13;32000.0
1;-0.004319620729249658;4.000919759357516;26.91;48000.0
2;-9.3528488272509e-05;3.765979782698347;41.73;10400.0
2;-0.000999679304809395;3.809935716150409;6.21;16000.0
2;0.04432569266687066;3.8196106536704346;55.91;11200.0
3;-0.48252266361782004;4.0331548693029085;57.68;74400.0
1;26.640898341370594;4.049130117056679;12.05;74400.0
2;-0.00043902459622300596;3.5823643446594007;5.13;12800.0
2;29.693745102040435;3.87781955077547;45.19;9200.0
2;0.01009018745349886;3.6159053529008722;4.35;96000.0
1;-0.00746870632262425;3.8179627235773714;12.63;45600.0
2;0.0008505166564728619;3.8451600776519457;141.35;216000.0
3;0.007051448947771092;4.1091392645516995;82.01;13440.0
1;-0.004227845308841433;4.928329302336954;107.64;6000000.0
2;-0.004154285526696826;5.117638983176928;84.08;2098400.0
1;0.04752971033176303;4.395275063786798;73.89;101520.0
2;-0.000453353974433017;3.9294576723608494;82.51;32000.0
2;-6.242916956575535;3.3270551113963913;30.75;11200.0
1;-0.005649845110661283;4.306586559410431;96.41;62720.0
3;-0.01752081010996743;3.8048767197576545;7.85;992.0
3;-0.000673169180213122;3.8547225233600684;2.54;16000.0
2;-0.000877111870108901;3.719303895313979;2.75;16000.0
2;0.028961751723084;4.591028106167588;91.34;463200.0
2;0.0;3.5457701042290273;29.33;6400.0
1;0.002507949346712798;4.199351669390231;89.95;750400.0
3;5.1655285735407e-05;3.9142376276523247;58.79;56000.0
2;0.012822533848694863;3.5329148230435368;29.23;50560.0
2;0.12827327245677758;3.0164387967176114;14.28;3200.0
2;0.000186785616576088;3.5846204066399365;14.05;9600.0
1;0.002720925134414504;3.921826542290385;43.89;20800.0
3;5.0531408129160006e-05;3.62713578708025;12.49;11200.0
2;0.013373928526329461;4.22989222888258;61.25;48000.0
2;-0.02251339482035611;3.9962731092526615;21.16;288000.0
3;-0.0009882408635689351;4.006905583860137;20.3;14400.0
1;-0.010043513706732017;3.4276594479064797;1.98;7200.0
2;-0.0005462523917767139;3.7590311677954675;6.72;16000.0
2;0.013063064343101312;3.867861404913935;27.6;3200.0
2;0.00032796055759853;3.5021022543594635;52.29;10400.0
1;0.000282702354328868;3.520894782440786;10.69;8000.0
1;0.0555183092752128;4.133984790911649;27.98;216000.0
2;6.5580255125182e-05;3.845490583602409;51.67;568000.0
2;-0.000548704250645301;3.8225430533200995;32.75;8000.0
2;-0.006414043153796825;3.5731047512695344;6.94;192000.0
2;-0.001755384879286902;3.6404898803817844;53.47;16000.0
1;2.286149671774e-06;3.6115448238755263;49.48;16800.0
2;0.000620670406223688;3.652780627853423;40.19;32000.0
1;-0.031175269698269795;3.2970881806350136;8.34;384000.0
3;-0.2325741470229605;3.8058571118916853;66.68;28800.0
2;10.62535962495842;3.672466336326592;19.23;16000.0
2;-0.00022508821380915302;3.4945368322211263;4.97;6400.0
3;-0.006003488250212115;3.3864890665018073;46.08;3680.0
3;56.40279167046031;4.08602563568536;36.9;1840.0
3;-0.01978878685364671;3.8287678469933426;2.55;57600.0
3;0.06577262277552692;3.7676542603161636;16.5;8000.0
2;7.9326630687205e-05;3.7621378031995247;70.39;48000.0
4;0.02237999891628498;3.5037710944083553;17.68;26400.0
1;-0.4059304132545219;4.734946789842395;68.51;1032000.0
2;-2.1474258873428002e-05;4.215000272881529;39.89;16960.0
2;0.00019294906235634802;3.6128578853232813;7.92;9600.0
3;0.00183583563101096;3.578458615514323;23.86;15200.0
2;0.000725011356012758;3.3529336838928487;16.86;16000.0
2;-1.2634242930947712;3.550253097410838;23.99;2320.0
2;-0.21744098467956202;3.5882172205178144;22.35;6400.0
2;0.00041660950272941297;3.930590813141694;12.95;307200.0
1;-0.002249310770940193;3.694602914129148;7.9;17600.0
1;0.06689468054968775;4.591266265280115;94.14;811200.0
2;-0.0051454461586147;3.5890143274916246;26.29;123200.0
2;0.0;3.5906084794475412;6.74;6400.0
2;0.00011057254826198499;4.695583423837281;3.89;985600.0
2;0.004436609763463548;3.2096847585479873;42.01;6400.0
2;-0.001685711184843063;3.6738829523828027;5.6;12800.0
2;-0.07546581415924757;3.6039461511626825;19.67;13280.0
2;-0.0024112711537890162;3.6408424847813547;8.64;32000.0
1;0.08405657962891494;3.623407703220423;24.11;96000.0
3;-0.002597233393625311;4.026396012015157;54.98;25600.0
5;0.014593218072286328;3.959282838114056;24.43;8000.0
1;-0.03778916718034549;4.179536718714126;68.06;64000.0
2;-0.001272579762278705;3.7058617694595175;15.52;4000.0
2;0.0011737634896135001;3.5384849863620413;58.17;288000.0
2;-0.001177694339456681;3.0409318354113375;19.47;2000.0
2;0.009691374054560284;3.618198993515706;32.97;11520.0
2;-0.000902719505514822;3.1308617594464656;0.85;6400.0
2;-0.03892066435853266;3.691262286711551;19.21;31200.0
1;-0.00027305406515908;3.6762377883869823;44.03;56000.0
1;-1.0262556470115187;3.5929524662325742;3.97;8800.0
3;0.0;4.389423668350503;60.16;119200.0
1;24.835614201362436;3.7338971972456214;51.55;218400.0
2;-0.00030653932268690404;3.6288125687960546;53.87;32000.0
3;0.000415310410150986;3.4952916690574045;25.0;23360.0
2;-0.004278087506439794;3.564990650493754;16.41;6400.0
3;-0.009052911494196032;3.597185716317845;6.28;6400.0
1;-0.001581904590775263;3.6448935461669922;17.51;120000.0
1;0.01619961912016267;4.550990041659474;65.86;73600.0
2;0.000258598579723006;3.5706540897658354;23.03;46400.0
1;-0.000557282720948526;4.2571167347414995;54.4;338400.0
2;0.000283854543026431;2.712263771214374;6.35;9440.0
1;-0.00012719069802877699;3.5877555387167;5.11;8800.0
2;-0.001235543076165308;3.6608114724317455;102.12;72000.0
1;-0.000690157875271619;4.064922793030255;8.33;316800.0
3;-0.06292176559708337;4.003411343683272;22.17;26400.0
1;-0.001278149335108883;3.5646901295514124;26.72;80000.0
3;0.0172429458959207;3.779153715209793;40.53;4480.0
1;0.003786323008819331;3.9326871986578826;50.17;50400.0
2;-0.00039421706666023894;3.8235756559104352;69.66;30240.0
1;0.14609552381931457;3.722769295820186;12.68;16000.0
2;-0.006729296502498516;4.338095728725539;20.81;56000.0
3;0.00024483152628363;2.8461098784183285;21.89;16000.0
3;0.0;3.731918365781852;5.2;5120.0
2;0.0008796628475340309;3.5526630779853727;50.95;7200.0
4;6.558142006943268;3.824487453382291;10.01;64000.0
2;0.000330129067285699;3.619916822347781;26.18;32000.0
1;7.885619192732125;3.5137159914419636;47.31;25600.0
2;-42.686143743561686;3.9352530377146917;40.57;8000.0
2;0.000189640218680306;4.147334728997801;35.14;8960.0
2;0.006055168002749832;3.6565131783253277;13.84;16000.0
1;0.001240791787814829;4.951599581803076;37.06;1800000.0
2;0.002070479343179365;3.749479298616553;61.26;52800.0
2;-0.01808486899499295;3.1880053376135815;12.53;32000.0
2;-0.000517701236638606;3.6871366076405026;39.08;28800.0
2;0.002325090866585271;3.710313119693729;7.59;26400.0
2;0.006560157332920883;3.520613136294963;3.92;16000.0
2;-0.06902714902720977;3.631019801513768;8.71;8000.0
3;-0.00061575382434913;3.670315596986712;23.0;8000.0
2;0.002564300226638283;3.487850217515536;26.88;12800.0
3;-0.0018142716768638938;3.4232180254467224;11.29;67200.0
2;0.000587103842296996;3.791851991988987;66.38;115200.0
4;-0.000138125637261935;4.007035286360226;25.84;6400.0
3;-0.0053726630408985395;3.8408245863398864;21.11;146800.0
1;-1.1215722222169817;4.5251169007225185;24.85;113600.0
2;-0.002020131653551961;3.6731701023927332;39.05;9600.0
2;-0.02230938900434316;3.7082225399429327;35.28;51200.0
1;0.8758189487581234;4.1675069000185765;101.58;43200.0
1;-0.008420226477709321;4.0369213249774525;39.23;105600.0
2;-0.03442260160950768;3.6491021785958773;25.02;10816.0
2;-0.00341957992356256;3.432781293377646;77.38;20800.0
1;2.2307123647481863;3.72087206734369;7.14;7680.0
1;0.01219644435411223;3.6726896148706265;7.04;6400.0
4;-0.003605361537292598;3.6473689998624823;6.21;10000.0
2;-3.5049374646523392;3.585462542553455;106.4;48000.0
4;4.7051632830157795;3.666933043069158;33.47;3840.0
3;0.0020520221174314553;3.4168162049212603;12.97;7200.0
3;-0.00444001346774368;3.7151514089528312;14.48;2880.0
2;-0.05984088263832357;3.6776264131959433;15.64;340800.0
2;0.014435934138543249;3.640473041921667;9.18;19200.0
2;0.004635083768161381;3.536036933706021;3.84;24000.0
2;27.470802606809233;3.976856867838873;69.18;32000.0
2;0.8523294344267022;3.5051456763958106;4.23;8800.0
2;0.000759849253143591;3.7109350018542826;49.73;17600.0
2;-0.004359860364715069;3.878004470268025;31.47;2616000.0
2;0.008017618486834159;3.5666310489560447;6.25;28800.0
4;-0.000360289453136442;3.603990114209031;65.25;56320.0
3;-0.0009699904519996009;3.3294640906609754;7.97;19680.0
2;-0.006482088079728234;3.6469030833909577;9.96;12800.0
1;-0.000694362397759949;3.5951295092597437;13.13;40000.0
1;-0.01974202741153903;3.58871921469521;9.26;432000.0
3;0.000680454665536894;3.879180778380998;46.55;8000.0
3;-0.00176836331065027;3.702941691849664;16.25;44800.0
2;0.000879266871338268;3.5789954310676144;15.31;29760.0
1;0.001651485886233805;3.581513325078082;9.27;12800.0
1;-5.6746072161369e-05;3.9545461094113117;75.17;268800.0
1;-0.003259222969976643;3.6278296021584926;22.18;35200.0
2;-0.001809554408329072;3.3701998517551908;20.67;16000.0
5;0.0014339994968423089;3.5184187283181276;23.76;6240.0
2;0.000718701239443363;3.722816666837682;61.88;32000.0
2;-0.0044860615828470314;4.836388161111007;74.37;297600.0
3;-0.000906305331311736;4.166243553454294;28.65;40000.0
1;-2.19853968512062;3.780800187344517;11.36;22880.0
2;-0.000687311225180123;3.709752428227959;10.82;16000.0
2;0.001577259285664408;3.96681810208426;73.18;80000.0
3;0.001398438844129343;3.720392975408522;25.73;15200.0
2;0.0;2.949848191054632;32.3;6400.0
1;-0.010029319771518077;3.752242831336259;26.04;20800.0
2;0.15467456103978353;3.6974978592493155;37.15;26400.0
2;-0.000278193373552807;3.6066487783489376;144.1;11200.0
5;-0.003058993366528258;3.6299228183870142;8.15;18480.0
2;-0.03332849607631613;3.6632683987895214;24.27;16000.0
4;0.001091701744454168;3.9606850432341787;75.35;144000.0
3;0.001393267973509203;3.595617707523185;3.22;14400.0
1;6.2422312623661e-05;4.05334192830532;70.12;211200.0
1;-0.006367920938399739;3.196887759358339;3.06;22400.0
3;-0.0025002965070009308;3.8127507430785377;61.24;16000.0
2;0.00044480457017671805;3.16095412165087;16.58;190400.0
1;0.000623086023399764;4.346541932286774;61.1;160000.0
1;2.25826375982852;3.5447115668420826;5.71;36000.0
1;-4.27697613353612;3.7471173877447583;71.59;19200.0
1;-0.001190700712068074;3.0757344614311064;1.14;7200.0
2;0.0015621435523414328;3.7156227097514303;4.9;33600.0
1;-0.040529727705943805;3.651411511823492;42.76;16800.0
2;1.7576912263293982;3.4126517470643107;44.45;18560.0
3;0.0006084803005477389;3.6545607091402674;8.94;6400.0
2;-0.010304308865465777;3.6507352944738334;4.63;26400.0
1;0.015770586876080198;3.921273456269136;73.87;150400.0
1;-0.004172422630977128;3.713781802777221;35.29;22400.0
2;0.005236848865354432;3.6785824140122223;43.15;16000.0
1;8.259110981778964;3.6008885869783676;92.4;16000.0
3;0.016593727227400296;3.599021750273422;14.92;16000.0
2;-0.17858830419357893;3.727717347152247;33.34;56000.0
2;0.003843457759583891;3.7567423655690835;52.53;19200.0
2;-0.000144440630638277;3.6851458992936914;5.15;9600.0
4;0.0671618023639208;3.5274141345250296;69.55;16000.0
2;-0.00419000799893602;3.2499302558472127;23.87;96000.0
1;-0.005553074719345893;3.9318961299982806;54.51;240000.0
3;0.004860033800093393;4.032253459899512;13.09;38400.0
1;0.0;3.603887472585687;17.07;11200.0
2;-0.007416874570511459;3.89261381128697;17.34;5760.0
2;-0.02821503747682581;3.940757864674562;39.45;120000.0
1;-0.03604436297698241;3.6350950701930715;77.56;112000.0
3;0.000563745664262841;3.628909419641414;23.05;9600.0
2;0.006093353669031329;3.5448433624396305;2.12;30400.0
2;0.0;3.6444411660512603;6.51;4480.0
2;-0.000392576872636054;3.389927152005879;45.27;14400.0
2;-0.00017049801620463702;3.7897829347604852;39.69;49600.0
2;-0.00037097054024095503;3.619857200928629;6.84;20160.0
1;0.00355217761617784;4.6180932243662705;60.45;480000.0
2;-0.001165959994646233;3.694554987585991;12.99;9600.0
1;-7.26663135299e-05;4.509020749184525;46.31;2400000.0
1;0.057461068177651106;3.588958495460241;7.0;31200.0
2;-0.014477683552876706;4.771097531579763;73.15;744000.0
2;0.003817970950636216;4.004431818783611;41.26;96000.0
3;0.00046216459950280703;3.8246299019630876;14.7;17600.0
1;-0.002687410077454685;3.834872005378092;25.65;16000.0
2;0.041751198469634376;3.320475510473865;33.41;12800.0
2;-2.0725863126996002e-05;3.507486094847456;92.73;185600.0
2;-0.0907425485624612;3.651205791565352;39.27;48000.0
2;0.0;3.803202449317432;20.66;28800.0
2;-0.06382780127511117;3.586363285977677;20.23;9600.0
2;-0.0020035944840006282;3.6770343607698117;25.84;60000.0
2;-8.003175760181e-06;3.765658251826047;32.2;14400.0
2;0.00014005580587272398;3.685371609200758;53.09;3840.0
3;-0.000316531477592212;3.778427862429209;22.65;11200.0
1;0.4930521456473377;4.023988971976972;17.05;121600.0
3;-7.2071864094423e-05;3.2863441809789027;47.95;12800.0
1;0.000503620606627281;3.4884637503041507;48.99;120000.0
2;-0.000333726583778098;3.707779182961534;20.25;28800.0
2;0.01331020424291839;3.607531627811558;3.9;43200.0
2;8.7510033040916e-05;3.5601531428997166;18.37;128000.0
2;0.00016496300403642399;3.6181591829340687;27.73;3488.0
2;-0.001985934670432613;3.870929944451761;19.97;18400.0
2;0.000948981766365364;3.818090462710897;47.95;55040.0
2;0.6399271647640159;3.8343792629713356;27.49;39840.0
1;-0.000516432564378416;3.2190311991278575;21.82;32000.0
1;0.0019468462917283699;4.52420703565056;81.21;198400.0
3;-8.787490560223532;3.689654258949207;18.91;8000.0
2;0.001396579018739359;3.611076992777168;48.34;19200.0
2;-0.004818511436106953;3.5724855165306306;49.43;8000.0
2;0.009506250415708083;3.920876395933545;53.06;19200.0
2;0.0069350240719725596;3.5833887309033754;35.45;88080.0
2;0.00042244733023925;3.3394514413064407;8.1;64000.0
3;-0.0006492620741262719;3.630889265392636;10.09;38400.0
1;-0.004499141969477676;3.921275511072952;62.02;20000.0
2;-0.00027421957517051996;3.6446567234541605;3.28;32000.0
2;0.002554088924674527;3.8512964378160617;34.69;43200.0
1;0.004852540834973434;3.8162407819875597;25.43;14400.0
2;0.21801153403288012;3.589451570484811;21.74;6400.0
2;0.10131698287154595;4.935970986970604;130.77;130960.0
3;0.004507929556224345;3.484656384686111;2.03;9600.0
2;5.1318418972972e-05;3.755688573748118;14.39;60000.0
2;0.0005099468966496519;3.74059280767738;14.73;32000.0
3;5.457957056176342;2.932013256805103;23.74;944.0
2;0.007730122774235383;3.9825569495771598;50.58;30400.0
3;0.000262167273253939;3.689532308005001;46.15;14400.0
4;0.005437465351008763;3.777406123539169;24.52;70400.0
2;-0.000518720251578752;3.7519018592044113;14.44;17600.0
2;-0.0005300481926846521;3.665867613441186;11.81;16000.0
1;-0.009085841703788629;3.6071206765364923;36.99;48000.0
2;-0.003328890658752385;3.834386570236862;32.05;71200.0
3;-0.00043667557734900804;3.389072227804459;1.71;24000.0
2;-0.004549782193973167;3.636899312405206;8.76;16000.0
2;-88.08149237939419;3.285330349643463;11.35;100800.0
2;0.001208654199496897;4.097183566289989;32.59;75200.0
3;-0.00041991341410620403;3.7437317881681307;72.66;23200.0
2;-4.6453258213283e-05;3.522915228301433;10.92;1600.0
1;164.85657627870006;4.2172265068072186;49.22;256000.0
3;0.000760202494939263;4.189155264677792;39.42;624000.0
2;0.023920423574864923;3.3219210406859774;25.96;2560.0
2;-0.019103154116840094;3.5421946844056253;32.84;11200.0
1;1.9960690202707507;3.6570201386354224;4.36;35200.0
1;-0.001427131645299865;3.490249629659076;36.05;19200.0
2;-0.000341659248202961;3.6855073113363823;56.95;16000.0
1;0.10351656116570185;3.7998681687272806;8.86;11200.0
2;0.20158689554820758;3.6133710451728125;63.97;13600.0
2;77.0599230063026;3.53333835275615;60.39;32000.0
3;0.9214321248725093;3.676407843938789;9.72;4800.0
2;4.349103990192705;3.665362065121181;8.68;4480.0
2;-0.000352055711913363;3.738818427992311;21.05;10400.0
2;0.00038456747651721896;3.68691593411964;43.44;19200.0
2;-0.000776794335804615;3.484409863734871;24.5;16000.0
3;0.000480449103860178;3.5229801448084905;57.91;80000.0
1;0.00020389366100759102;3.7208969341683376;56.34;278400.0
1;-1.107991943359375;3.713485880804075;9.89;7200.0
2;-0.004214270670860455;4.3911724292335785;37.79;65600.0
1;-60.90793759231165;4.437380475156434;148.13;156800.0
2;0.000651109506408539;4.538924264981872;44.05;224000.0
1;0.002306888021196339;3.651434009831228;8.62;15200.0
2;-0.0006861995554574141;3.7381617899584256;50.75;139200.0
1;1.8339399171665942;3.9618963765333146;33.96;56000.0
1;-1.3713842273170001e-05;4.02457225937747;21.1;35200.0
3;0.8976943969214917;3.5914198760733744;27.66;3600.0
2;0.00043374627367397404;3.638861104878469;5.74;9600.0
2;0.002221414246324107;3.4859891074347003;2.75;6400.0
2;0.007033592993650989;3.812713932982804;15.36;9600.0
1;14.57267259683271;3.2241236962869326;38.01;16800.0
2;8.901132883967201e-05;3.7541936390887303;21.12;14400.0
2;0.009220904509596983;3.7161671546150417;22.95;10240.0
3;-0.002632994413632787;3.560666005104506;28.44;16000.0
2;-0.000983189754788452;3.6078029161516727;12.19;111200.0
2;-0.000121660512285979;3.5683917751477963;27.17;16000.0
2;0.00037306795604230103;3.6271188731813977;19.24;22400.0
2;0.0;3.5737089427321314;2.1;9600.0
2;-4.890821466861263;3.5916257988543374;10.01;12800.0
1;0.000495142405393953;3.7044010723452114;19.66;16000.0
2;-0.007618742816625407;3.47670204381411;37.82;8000.0
1;-0.005246981225891218;4.218298809463766;58.54;188800.0
2;0.01861978454945997;3.709449979553818;21.99;72000.0
1;0.000615852591939634;4.46547198406331;82.04;730080.0
2;0.0018759594876123769;3.5714246400695857;33.18;14400.0
1;-0.01472257811672071;3.977348808070493;92.22;48000.0
2;-0.1403359290302044;3.659979719975849;30.7;18400.0
3;0.006441084342431498;3.642494963243792;4.77;17600.0
2;-10.172170173523112;3.7149928142837076;107.81;14400.0
2;0.00046506123900161804;3.7099761562716025;56.23;48000.0
3;-1.9193047773873615;3.703922103445329;8.66;31200.0
1;-4.588794943631235;3.550878560125729;24.34;16000.0
2;-0.005322652096955789;3.802880979368905;14.62;208800.0
1;-0.013656352174849546;4.10179395118895;4.78;92000.0
2;0.00010171008016719;3.6920099687880765;47.71;16880.0
2;-0.000618326672611464;3.759782002861672;67.56;36000.0
2;-0.00016571924822720698;3.6107463160403563;17.3;32000.0
2;0.005948566634310918;3.5560306429421287;20.93;33600.0
1;3.205487907457692;3.773807888236889;7.12;16000.0
3;-0.000281055714062113;3.657149536668312;31.78;72480.0
2;13.609775816732466;3.8411047430082976;41.96;16000.0
2;0.020298535048623445;3.5731714839583084;48.72;32000.0
2;0.013998350895529277;4.210123129178631;65.05;741600.0
3;0.000386730000233678;2.488372071512335;37.59;10400.0
2;-0.008641780732128061;3.7959494989028033;35.64;60000.0
2;5.630101910749e-05;3.6120138182202948;6.62;20800.0
2;-0.003796124383757174;3.7338751999714264;9.89;15200.0
2;43.41876254480823;3.7174639886427845;7.96;44000.0
3;0.04248156827309324;3.38839854329012;52.43;9280.0
2;-0.014180548859256004;4.211139573011561;81.19;162400.0
2;-0.0034356162146951304;3.373692168158217;7.01;3600.0
2;-0.00022656520967455698;3.596798982350383;2.49;8000.0
2;-0.014032076110468899;3.6798674205974296;39.49;16000.0
2;-0.0010804119195160999;3.801644260372771;5.57;64000.0
0;0.0;4.407953465717529;61.66;2371200.0
3;0.001444664888379176;3.7191893961596763;51.65;15680.0
2;0.00126359350610493;3.6280328928610452;5.6;2400.0
1;-0.009971189466722617;4.158837609856831;57.38;93600.0
2;-0.000783323493279884;3.631711743797094;8.45;19200.0
4;-0.001746929894015443;2.6881646330458597;4.64;19200.0
2;0.000820868710737156;3.7737902648617374;24.0;16000.0
3;-38.8118353060853;3.6414093788132407;56.64;8000.0
2;-0.003029793343710147;3.5760221336621916;23.73;9600.0
2;0.0019246694463766832;3.89602507184994;6.5;32000.0
2;0.02470323058617886;3.605517472991378;16.57;6000.0
2;0.0;3.8636695960269964;32.07;36800.0
5;0.00029270543597524097;3.98382925443731;32.93;5280.0
2;-0.11850344127476241;3.675973616171543;15.3;14400.0
1;0.03191571826108067;3.6814279259643756;36.11;158400.0
2;0.056866998896162896;3.6560729618698025;14.8;8320.0
3;-0.05308358272322459;3.665356799156439;3.0;2080.0
2;0.005076506665762581;3.6560966572177813;5.81;7200.0
3;0.000318054618123687;3.6798015580265897;9.1;10400.0
2;-0.0016146290942425409;3.7224388028881843;26.49;20800.0
2;0.017439098196607546;3.554193272539586;13.53;41840.0
2;-0.010590911773982494;3.736599086997816;14.93;89600.0
2;0.00185897816050895;3.555060167492663;12.36;7040.0
2;0.03586882318563525;3.7442861118844504;21.44;48000.0
3;0.021435257996147265;3.5951072480458492;18.36;2880.0
2;-0.002269695723010594;3.598883234337919;35.8;24000.0
3;-0.000195282539716002;3.7584130884657645;22.02;4000.0
3;-0.000497722885408957;3.653852382269682;11.56;8000.0
2;0.00010261309543328;3.6904847217718473;27.79;12800.0
2;0.010854701277461552;3.5142015683531183;31.5;6400.0
2;0.0013470206171884039;3.872168550107689;40.2;11200.0
1;-0.6207395347189429;4.422056798321027;56.14;2632000.0
1;-0.0015063387895386479;3.6463543270181487;5.2;11200.0
1;0.008286798621444049;3.7829779795302167;30.04;44800.0
2;0.000288081624919862;4.277873044530873;79.44;89600.0
2;-7.817320617429801e-05;3.5350750877801476;3.08;11200.0
2;-2.0004374688152495;4.144531363222901;50.4;8960.0
1;-11.460001247590617;3.840727175773758;50.65;272000.0
4;-0.0040515656543305975;4.30400953393632;50.19;24000.0
2;0.008443982534248752;2.762976404687794;30.26;48000.0
2;0.004473841462026304;3.854946759717652;17.18;60000.0
2;-0.038837180872834;3.5914530111833516;37.25;17600.0
2;-0.000381771586943657;3.5289953574157935;4.91;8000.0
1;-0.004387721907311805;3.8250839750276437;9.85;99200.0
2;9.6575766164972e-05;3.688358510649109;20.24;16000.0
2;0.000943205095544719;3.8738340109776543;64.32;12800.0
2;0.04041487804906974;3.6987176033670157;37.69;60000.0
2;-2.0837602862104583;3.3224260524059526;4.81;27200.0
3;-9.03310699438332;3.966710641674762;61.95;16000.0
2;-0.002060941645391807;3.7408389222828595;19.07;19200.0
2;0.000211129375550265;3.59715180041786;47.4;12800.0
2;-0.012390594148555178;3.610594275494248;32.92;17600.0
2;0.000251109285877989;3.745308322966421;24.0;10400.0
2;62.544974512064066;3.681331705969166;8.87;28800.0
1;-0.001372410679712825;4.667536010820176;56.69;2040000.0
1;-0.0053759959405623;3.837147711756675;62.86;96000.0
1;-0.23185068093215577;3.6531513936162043;16.59;140800.0
2;4.4944029114551e-05;3.626415821832325;28.99;16000.0
3;0.008864240673307777;3.489325865750072;3.57;8960.0
2;-0.0066529124083918156;3.7567616721639667;53.31;8480.0
3;0.003262528143795122;3.621595084280494;7.98;6400.0
2;-72.67590779929145;3.6626777340401655;13.32;60000.0
2;-0.000345937064011022;3.9223951859818844;72.03;16000.0
2;0.001954341832403064;3.736189407921335;11.77;12800.0
3;8.991829952566e-05;3.77617752641599;13.79;15200.0
3;-0.000196513450631313;3.987675547812274;43.66;81280.0
2;17.514526292934487;3.8659415952827256;29.04;69600.0
2;0.009353920608127503;3.9920739117557846;61.34;55040.0
1;0.005865143119989119;4.5100748862572315;59.47;748800.0
1;0.019561465138809978;3.9931422137887123;49.69;446400.0
2;-0.027685785295099605;3.277876768651039;3.93;8000.0
2;48.707036682022675;3.8752812388998854;69.86;48000.0
2;0.003829682477521708;3.959699872359133;2.6;80000.0
3;-0.00591203562211876;3.673924768591788;50.63;23520.0
1;0.04176983897458025;4.469266908438283;48.44;408000.0
2;26.25740325713077;3.68592030415235;29.26;9760.0
3;0.000926547609793357;3.360886866005213;12.65;3680.0
1;-0.012706971702102785;3.5878952162574906;37.52;15200.0
1;0.002972280976131752;4.1217144281651645;90.81;269440.0
1;0.02214638741967199;3.9951158529706254;84.05;2383200.0
2;-0.005902110432273245;4.349993793235094;60.93;948000.0
2;0.000204802701184001;3.6470082445992786;70.11;21600.0
2;-0.000267763173308496;3.5924294991021783;11.43;22400.0
2;0.0017968580519937879;3.9362261542643333;17.12;64000.0
3;36.08314383670959;3.815114210832674;33.72;16000.0
1;-0.001427699647844621;4.216851847637936;50.06;69600.0
3;0.002964127251011463;3.660054819853054;32.5;11200.0
1;0.10035702373581666;3.93843885634031;48.08;19200.0
1;-0.004779992044553147;5.065414121227923;92.6;2680000.0
2;0.0062311838027949385;3.594295000002813;58.21;5280.0
3;0.09869516734444128;3.6536614829889857;23.58;16800.0
2;-0.030444140997420467;3.7758574349357716;29.86;20000.0
3;0.000241561972046479;3.7309237460562636;47.41;16000.0
2;0.000207517014694714;3.6672691305203435;29.77;36000.0
2;0.001577562650123186;4.0550839827108405;105.96;16000.0
2;0.001162861651912491;3.3423191376594814;26.31;6400.0
2;1.5081837116282915;3.6753608553617743;18.08;14400.0
2;0.0015989027368836259;3.625323832590634;10.9;12800.0
2;0.002704760347309102;4.127368482398092;28.88;112800.0
3;0.006064144784461189;3.657080035653659;26.35;8000.0
2;0.035607727351820745;3.635249004392504;7.46;33600.0
2;0.001496309297124544;3.780740723176731;41.45;16000.0
3;-0.00539882205711087;4.055509951566849;39.14;84480.0
2;0.004409246664943853;3.697158739782545;15.29;6400.0
2;-7.3137777335084e-05;4.0157362711684526;84.98;20800.0
2;0.15415683486402387;3.7395055835843167;19.35;16000.0
1;-0.000573273704767185;3.7698856307426283;78.8;16000.0
2;-0.009640761225230606;3.67430579649892;6.84;3552.0
3;-0.00767207150277318;3.470502858645266;6.5;14400.0
3;9.293053701589e-06;3.884565855060841;18.64;144000.0
3;5.100821329192297;3.699710140856073;9.41;32640.0
2;6.7681382481281e-05;3.8664077337481952;53.74;60800.0
2;0.00220629420957004;4.004427862058555;64.72;12800.0
2;0.0;4.242207705287121;64.03;4960.0
2;-163.5282799040628;3.652859950191298;8.09;8800.0
2;-2.8851575365554e-05;3.7124237423373065;20.33;7200.0
2;0.20512482882995017;3.606720031316234;23.58;5600.0
2;0.003647285030040779;3.6428381416391895;17.51;121600.0
1;0.002333811624244867;3.3629639169066934;19.82;48000.0
2;-0.0009423793225896331;3.9783609070303685;40.21;24000.0
2;-0.0014541753313650422;3.694788918550806;17.36;28800.0
1;-0.016971871407421384;4.787234045185483;117.8;576000.0
2;0.017125281154919507;4.01777202800053;63.65;41600.0
2;-2.8960694507430724;3.6106653042496233;9.84;6400.0
2;1.0155651197011024;3.6388609952872324;11.06;6400.0
2;0.18367928103445227;3.822110339798868;48.51;4800.0
2;0.00015627796367054098;3.87297935839422;37.48;84000.0
3;27.222326940791348;3.743374694006714;5.31;26400.0
2;0.003547085257926909;3.5575527195103476;13.22;16000.0
1;0.02601216806344961;3.5405801287711087;38.61;10400.0
2;0.0;3.5950840294479556;4.57;9600.0
1;0.011667417628934166;3.7209693691623187;54.68;38400.0
2;-0.0043006121624532675;3.442070200357055;21.35;7200.0
5;-0.010775135444156711;3.4406140344901766;27.32;800.0
1;-0.004343971462564191;3.8537759296678056;62.48;22400.0
2;3.8543546242417e-05;3.9760412545866535;57.9;56000.0
2;-0.003967376396866128;3.6933371714185212;16.94;20800.0
1;-0.01243371842551916;3.566198969521623;4.58;80000.0
2;-7.5070578758927e-05;3.7044031595842117;18.86;17280.0
1;-0.907004865471982;3.748046808862179;72.09;50400.0
1;-0.010623188001645112;4.1417234637828795;93.1;108000.0
2;-0.001038001044152874;3.4856241935404184;17.31;3200.0
2;-0.003980453803464339;3.701904680791831;9.47;70400.0
2;-0.000935474750647236;3.5082531228128833;24.65;16000.0
1;0.08565820085110137;3.957505283126326;44.98;280000.0
2;0.00124870919014684;3.6204882146641206;7.29;57600.0
1;3.7830698937307896;3.94287946705743;104.44;798080.0
4;0.020104062988066954;3.7129096583819323;6.8;19200.0
2;15.493882381525742;3.9352482500544737;27.71;6720.0
2;0.0322436992301208;3.5996174701100805;11.83;76800.0
1;0.0197760822125424;3.7150315419564155;13.06;115200.0
2;0.0005620029947923609;3.380928641403882;26.87;41600.0
2;-0.000188705299351837;3.5286169972062136;32.73;10400.0
2;0.014930865011611566;3.646273053239616;15.28;17600.0
2;0.000282333331008355;4.295695246315404;59.54;77600.0
2;-0.00012168966436157299;3.8402936628358555;46.33;7200.0
2;-0.005898763007195618;3.6462371913861054;6.13;41600.0
2;-0.001565084299962429;3.5507200090478572;51.57;8000.0
3;0.000454984979176784;3.6081452332793273;67.05;4480.0
3;-0.001940809368104689;3.7361653041737575;10.7;15200.0
2;-0.002175127424925963;3.495566073496974;26.65;6400.0
3;-0.04708170873196748;3.7637353382033774;10.49;2400.0
3;-0.0016714337653939628;3.8666204258532435;13.8;144000.0
2;-0.00025858964152115997;3.2535876912209547;1.67;12800.0
3;-0.002470890942785479;3.772554895805255;49.86;8000.0
3;-0.0023172539302263122;3.235998120857636;33.26;8000.0
1;0.010128484127911962;4.042027934435926;35.56;24000.0
3;-0.000454898335584325;3.636422694688701;28.36;20000.0
2;-0.0034305470703769147;3.554666390792961;51.42;12000.0
2;-0.0013134764942513161;4.248226088719601;22.06;23200.0
2;0.000229245474204886;3.688731886827588;37.0;28800.0
3;0.000309732200224075;3.6216766630064456;21.97;12000.0
3;-0.000256737879088053;3.7685643925463395;34.97;72000.0
1;-0.009641680607093285;3.631052483137919;8.27;28800.0
2;-0.00837739750399151;3.5502034679007233;8.72;9600.0
2;0.000139968465051658;3.899272977844685;27.1;9600.0
2;0.005286498469862665;3.596031405290104;65.78;16800.0
2;0.015094180626127052;3.701458035514319;18.23;16000.0
2;-9.543696343967701e-05;3.7558730327151966;63.98;72000.0
4;0.0047660225928079815;3.724800116167074;16.32;9920.0
1;0.00124330634992723;3.9891856173823985;68.22;36000.0
1;0.001420945710328048;4.0428124796255664;20.97;105600.0
2;0.004882409178150548;3.7873107628558222;59.35;132000.0
2;0.045181536045879135;4.65335756225442;21.72;20000.0
3;9.0982452191878e-05;3.488911300353699;1.95;4480.0
2;-0.6024533497411079;3.579395971664604;5.84;32000.0
2;-0.008608754993522517;3.5864516479517023;27.3;6400.0
2;0.00023421760702057202;4.304340462504211;61.07;173600.0
2;-0.000488867175099073;4.167974442725148;82.23;31200.0
2;-1.285511187530441;3.6339106586731234;11.51;4800.0
4;-0.14998790935604128;3.574771895854428;33.12;21600.0
2;-0.001253301590561478;3.6397691734764885;9.75;10400.0
3;-42.4676281969344;3.6585086167277923;16.79;3680.0
2;0.0;3.6687228411504513;41.05;6400.0
3;0.11110435835815671;4.116313795252724;63.95;116800.0
3;0.000255777755404037;3.3379933908486366;77.61;4800.0
2;-0.003714129982142077;3.5829938009440023;17.65;1792.0
2;-19.149642069213602;3.8081589667171327;37.34;36480.0
2;0.002080506070544054;3.7466617028821907;30.88;198000.0
3;0.000122907031641411;3.635273466571137;45.91;32000.0
2;0.001190070896770837;3.6972515309103073;36.6;25600.0
3;0.000583812559007942;4.033865239667188;42.18;22400.0
2;-0.001202226135242802;3.6153333883147565;58.05;27200.0
2;-0.000954037078288154;3.11760270516948;48.83;1200000.0
3;-6.8994229191701e-05;4.052391828168858;50.65;60000.0
2;-0.0024258581016734677;4.07680679930486;45.07;176000.0
1;-0.002322999841021562;3.8559223368047446;50.23;96000.0
2;0.0009027756302610369;3.7897110485141368;83.76;13440.0
2;8.569166992694201e-05;3.9602696515048224;18.91;54400.0
2;-0.000177902805182122;3.4499445004813243;76.07;16000.0
2;0.0058689855155302255;3.576536695733825;4.62;4480.0
1;0.19723380208751895;5.175506181100563;85.49;400000.0
2;0.07399030752945754;3.745298348276005;8.99;10400.0
2;0.03114913686814647;3.593205491988099;6.14;22400.0
1;0.000884619762965137;3.5788723970037157;14.79;12800.0
1;-0.000544891202254759;3.550536195731835;30.78;32000.0
2;0.001303437808210189;3.6649942869950194;28.97;9600.0
4;-0.001277902721555543;3.522733959855678;2.15;38400.0
2;-0.0014884864867051582;3.689602634051314;15.15;33600.0
3;0.0009126344561382819;3.522862384708857;26.89;10800.0
3;9.8177171427742e-05;3.2686005938447296;9.23;33600.0
2;-0.22893511642470885;3.622085761324914;64.58;13600.0
3;0.1556131255526857;3.628878873128239;50.74;32000.0
2;0.11771224113616077;3.704324996458233;40.7;36000.0
1;0.0050362177510381865;3.610915670467598;38.74;6400.0
1;-0.3234048287161654;3.8773008182514617;17.14;48000.0
1;0.20509640255126707;3.147018812169792;60.23;30400.0
1;0.00017010967191739002;3.66148244584075;41.34;22400.0
3;-0.01236998907361215;3.155302621002736;11.37;34240.0
1;-9.87260001490944;3.854191574793906;7.9;38400.0
2;0.006499362954043574;3.5252255408316397;4.46;44800.0
2;0.0;3.434050651427907;15.2;19200.0
2;-0.000308370842031439;3.520576763152902;60.01;12800.0
2;-0.000166407733115453;3.526090895676995;31.73;24800.0
1;6.0725454682411115;3.0334454188815667;13.55;32000.0
2;0.07192494799276436;4.115406037610302;49.82;136000.0
1;7.52657470703125;3.8021849966888284;9.02;16000.0
2;0.00887688328811811;3.952597906732326;49.13;6960.0
2;0.00025878183511180103;3.6242901801512373;10.91;8800.0
5;0.2543441042120499;4.0361640814912985;15.05;595200.0
2;0.004433084014188023;3.812795110137837;98.75;22400.0
2;-0.000343158340540807;3.6077748814985435;11.91;9600.0
2;-0.000582821460763282;4.46498282202303;51.3;31680.0
2;-0.001976312202915449;3.5301816875080823;13.1;19200.0
2;0.005209897746117203;3.6618512607971945;16.06;80000.0
2;0.009660633012978924;3.5384046712840207;53.75;72000.0
2;0.003249753782077454;3.873177820168021;14.3;44160.0
2;-0.025121550739645965;3.9149273437381513;28.97;31360.0
4;0.000960030057607118;3.2827479521419454;18.91;9600.0
2;-0.008108082689026942;3.248683019984382;15.26;14400.0
3;-6.911034649688401e-05;3.6301923582607762;7.57;11200.0
2;0.022356691621795;3.551707464958184;26.43;96000.0
2;0.000785831567329372;3.979741810329148;38.59;62080.0
